110 Grill,https://www.linkedin.com/company/110-grill
1199SEIU Funds (Pension),https://www.linkedin.com/company/1199-seiu-national-benefit-fund
1A Auto Parts,https://www.linkedin.com/company/1a-auto
"22nd Century Technologies, Inc.",https://www.linkedin.com/company/22ndcenturytechnologies
24 Hour Express,https://www.linkedin.com/company/restoration-professionals
24 Hour Fitness,https://www.linkedin.com/company/24-hour-fitness
24 Hour Fitness,https://www.linkedin.com/company/24-hour-fitness
24-7 Intouch,https://www.linkedin.com/company/24-7-intouch
"3form, LLC",https://www.linkedin.com/company/3form
3M,https://www.linkedin.com/company/3m
"4 Paws Pet Resort / Four Paws Pet Resort - Fan (Richmond, VA)",
"405 Motor Sports Elite - Oklahoma City, OK",https://www.linkedin.com/company/green-elite-led
4M Building Solutions,https://www.linkedin.com/company/4mbuildingsolutions
"6&Six Development, LLC - Oklahoma",https://www.linkedin.com/company/type-six-development
"7-Eleven, Inc. (7-11)",https://www.linkedin.com/company/7-eleven
